"firstName","lastName","email","phone","createdAt"
"","","angel19.anigho3212@edouniversity.edu.ng","","Jun 25, 2022 10:58:26 pm"
"","","fowowetomiwa2002@gmail.com","","Jun 25, 2022 10:57:25 pm"
"","","allofnd@gmail.com","","Jun 25, 2022 10:57:04 pm"
"","","ask4izyk@gmail.com","","Jun 25, 2022 10:53:36 pm"
"","","mujiokwilague@gmail.com","","Jun 25, 2022 10:47:34 pm"
"","","duba.onlineorders@gmail.com","","Jun 25, 2022 10:46:26 pm"
"","","mimiofili1@gmail.com","","Jun 25, 2022 10:37:37 pm"
"","","saheedjemila2@gmail.com","","Jun 25, 2022 10:36:09 pm"
"","","ne3212kite@yahoo.com","","Jun 25, 2022 10:23:24 pm"
"","","osemaradamsadimah@gmail.com","","Jun 25, 2022 10:15:09 pm"
"","","maryosaz581@gmail.com","","Jun 25, 2022 10:04:45 pm"
"","","emmao#rhiri@yahoo.co.uk","","Jun 25, 2022 9:58:39 pm"
"","","isaacsonto@gmail.com","","Jun 25, 2022 9:53:22 pm"
"","","ononyedaniel9@gmail.com","","Jun 25, 2022 9:43:31 pm"
"","","allofnd@gamil.com","","Jun 25, 2022 9:42:34 pm"
"","","shedrackodion27@gmail.com","","Jun 25, 2022 9:40:59 pm"
"","","akpoedafe19.primcewill@edouniversity.edu.ng","","Jun 25, 2022 9:35:55 pm"
"","","kanuhorese@gmail.com","","Jun 25, 2022 9:29:36 pm"
"","","joshuaadesina059@gmail.com","","Jun 25, 2022 9:28:29 pm"
"","","osazedamian@gmail.com","","Jun 25, 2022 9:28:09 pm"
"","","ataneg#p3212sper16@gmail.com","","Jun 25, 2022 9:26:39 pm"
"","","davidajepaul@gmail.com","","Jun 25, 2022 9:24:39 pm"
"","","donabun@yahoo.co.uk","","Jun 25, 2022 9:23:45 pm"
"","","praiseomog#mi@gmail.com","","Jun 25, 2022 9:23:11 pm"
"","","onob3212rhe11@gmail.com","","Jun 25, 2022 9:16:07 pm"
"","","dariusaideloje@gmail.com","","Jun 25, 2022 9:15:31 pm"
"","","val#rrycakes@gmail.com","","Jun 25, 2022 9:13:26 pm"
"","","tiyoyoc@yahoo.com","","Jun 25, 2022 9:11:48 pm"
"","","kekemalucky@gmail.com","","Jun 25, 2022 9:07:30 pm"
"","","festuseghrefuvwoma@gmail.com","","Jun 25, 2022 9:05:10 pm"
"","","elitb622@gmail.com","","Jun 25, 2022 9:01:24 pm"
"","","fedoyise@yahoo.com","","Jun 25, 2022 8:59:47 pm"
"","","christyegbinine@gmail.com","","Jun 25, 2022 8:58:40 pm"
"","","olugwatrust1990@gmail.com","","Jun 25, 2022 8:58:27 pm"
"","","godwinedojaka65@gmail.com","","Jun 25, 2022 8:57:55 pm"
"","","mercyzino654@gmail.com","","Jun 25, 2022 8:57:42 pm"
"","","bbrukky2020@gmail.com","","Jun 25, 2022 8:57:33 pm"
"","","dk#n62@gmail.com","","Jun 25, 2022 8:57:01 pm"
"","","kadiriluqman00@gmail.com","","Jun 25, 2022 8:46:41 pm"
"","","christopherjohnson0505@gmail.com","","Jun 25, 2022 8:44:22 pm"
"","","gorednigcompany@gmail.com","","Jun 25, 2022 8:33:30 pm"
"","","milleredna6@gmail.com","","Jun 25, 2022 8:25:25 pm"
"","","ulohofelixfelix@gmail.com","","Jun 25, 2022 8:21:32 pm"
"","","corneliusokomi@gmail.com","","Jun 25, 2022 7:55:53 pm"
"","","ellioneese@gmail.com","","Jun 25, 2022 7:50:22 pm"
"","","davidedewor21@gmail.com","","Jun 25, 2022 7:49:11 pm"
"","","esiobolove@gmail.com","","Jun 25, 2022 7:17:46 pm"
"","","msabu90.com@gmail.com","","Jun 25, 2022 7:17:40 pm"
"","","engrebiye@gmail.com","","Jun 25, 2022 7:09:30 pm"
"","","obaleforcharity@gmail.com","","Jun 25, 2022 7:07:57 pm"
"","","aineruav@gmail.com","","Jun 25, 2022 7:02:41 pm"
"","","ampes1@yahoo.com","","Jun 25, 2022 6:45:18 pm"
"","","obafemilawoffice@gmail.com","","Jun 25, 2022 6:43:20 pm"
"","","favourimafidon49@gmail.com","","Jun 25, 2022 6:17:19 pm"
"","","dr.zogie@gmail.com","","Jun 25, 2022 5:16:24 pm"
"","","gbolahanfoye@gmail.com","","Jun 25, 2022 4:27:34 pm"
"","","nockhenry@yahoo.com","","Jun 25, 2022 4:05:45 pm"
"","","paulagba70@gmail.com","","Jun 25, 2022 3:32:37 pm"
"","","ephraprecious@gmail.com","","Jun 25, 2022 3:10:35 pm"
"","","peopleswamt@gmail.com","","Jun 25, 2022 2:48:02 pm"
"","","olajolumobabatunde17@gmail.com","","Jun 25, 2022 2:46:01 pm"
"","","emawillz13@gmail.com","","Jun 25, 2022 2:36:38 pm"
"","","omehmiracleraphael@gmail.com","","Jun 25, 2022 2:30:06 pm"
"","","osade#p3212sper@gmail.com","","Jun 25, 2022 2:03:56 pm"
"","","wilsoncollins41@gmail.com","","Jun 25, 2022 1:16:25 pm"
"","","starrdiamond68@gmail.com","","Jun 25, 2022 1:10:42 pm"
"","","esechokor2020@gmail.com","","Jun 25, 2022 12:33:33 pm"
"","","airiagbonglory30@gmail.com","","Jun 25, 2022 11:45:19 am"
"","","kosisochukwuvictor65@gmail.com","","Jun 25, 2022 10:53:11 am"
"","","ekibillion@gmail.com","","Jun 25, 2022 9:53:55 am"
"","","ayopraiz56@gmail.com","","Jun 25, 2022 9:44:54 am"
"","","kareemabu274@gmail.com","","Jun 25, 2022 9:34:57 am"
"","","ghemut007@gmail.com","","Jun 25, 2022 8:53:47 am"
"","","aliyuusman2040@gmail.com","","Jun 25, 2022 8:32:47 am"
"","","aghoka3212@gmail.com","","Jun 25, 2022 8:06:21 am"
"","","johnogbolo565@gmail.com","","Jun 25, 2022 8:03:46 am"
"","","omontesedaniel@gmail.com","","Jun 25, 2022 7:44:18 am"
"","","nuvie4tone@yahoo.com","","Jun 25, 2022 7:22:54 am"
"","","alabi20.oisagbai@edouniversity.edu.ng","","Jun 25, 2022 7:17:00 am"
"","","vickyoseji02@gmail.com","","Jun 25, 2022 6:33:18 am"
"","","abdulkadirijameelmo570@gmail.com","","Jun 25, 2022 6:16:21 am"
"","","swankylex@gmail.com","","Jun 25, 2022 4:08:53 am"
"","","ogholet@gmail.com","","Jun 24, 2022 11:53:37 pm"
"","","happyonoghene1@gmail.com","","Jun 24, 2022 10:01:28 pm"
"","","blessingchineyeobi18@gmil.com","","Jun 24, 2022 9:10:12 pm"
"","","e3212minahn@gmail.com","","Jun 24, 2022 8:52:06 pm"
"","","lukmanjnr10@gmail.com","","Jun 24, 2022 8:52:01 pm"
"","","taiwooyewole002@gmail.com","","Jun 24, 2022 7:23:27 pm"
"","","barrhooharisi@gmail.com","","Jun 24, 2022 7:02:15 pm"
"","","tobiibadru@gmail.com","","Jun 24, 2022 6:50:57 pm"
"","","apagud7@gmail.com","","Jun 24, 2022 5:42:38 pm"
"","","ejixo#rhiri@gmail.com","","Jun 24, 2022 5:22:26 pm"
"","","juliusulori360@gmail.com","","Jun 24, 2022 5:10:38 pm"
"","","simisolaoluwa10@gmail.com","","Jun 24, 2022 5:05:51 pm"
"","","adrianaallagoa@gmail.com","","Jun 24, 2022 4:30:16 pm"
"","","gbomarank@gmail.com","","Jun 24, 2022 4:13:24 pm"
"","","unomaovili@gmail.com","","Jun 24, 2022 4:07:22 pm"
"","","otayireonovughedafe@gmail.com","","Jun 24, 2022 2:10:23 pm"
"","","desmondolaye5@gmail.com","","Jun 24, 2022 2:10:18 pm"
"","","shabazprize@gmail.com","","Jun 24, 2022 2:03:17 pm"
"","","kamalijr0@gmail.com","","Jun 24, 2022 1:53:26 pm"
"","","christyadedeji2000@gmail.com","","Jun 24, 2022 1:49:29 pm"
"","","odiaaliyu10@gmail.com","","Jun 24, 2022 1:12:08 pm"
"","","terryojxx@gmail.com","","Jun 24, 2022 12:17:33 pm"
"","","ohuwamose@gmail.com","","Jun 24, 2022 12:10:29 pm"
"","","ibbdavid9@gmail.com","","Jun 24, 2022 11:46:58 am"
"","","iyeg#wise@gmail.com","","Jun 24, 2022 11:45:26 am"
"","","justinajufo@yahoo.com","","Jun 24, 2022 11:36:08 am"
"","","lolos4jay@gmail.com","","Jun 24, 2022 10:29:19 am"
"","","amycoutey2k7@gmail.com","","Jun 24, 2022 10:05:51 am"
"","","#lieveaig#dion@gmail.com","","Jun 24, 2022 10:01:35 am"
"","","haysonigr@gmail.com","","Jun 24, 2022 9:53:44 am"
"","","eniade3@gmail.com","","Jun 24, 2022 9:50:49 am"
"","","abkenfuludu147@gmail.com","","Jun 24, 2022 9:47:12 am"
"","","aghedo17.naomi@edouniversity.edu.ng","","Jun 24, 2022 9:29:56 am"
"","","voshonowh@gmail.com","","Jun 24, 2022 9:11:39 am"
"","","gratefullheart@gmail.com","","Jun 24, 2022 9:06:12 am"
"","","ohwofacham#rs2011@gmail.com","","Jun 24, 2022 8:45:48 am"
"","","ugboprecious79@gmail.com","","Jun 24, 2022 8:21:41 am"
"","","ulohoelo@gmail.com","","Jun 24, 2022 8:13:13 am"
"","","nnahkeren@gmail.com","","Jun 24, 2022 8:09:59 am"
"","","antexocial@icloud.com","","Jun 24, 2022 8:08:55 am"
"","","onoriodejunior560@gmail.com","","Jun 24, 2022 7:55:44 am"
"","","anthonysk200@gmail.com","","Jun 24, 2022 7:38:59 am"
"","","estheratefa67@gmail.com","","Jun 24, 2022 6:53:24 am"
"","","samodhozo@gmail.com","","Jun 24, 2022 6:51:07 am"
"","","estherbillz67@gmail.com","","Jun 24, 2022 6:39:33 am"
"","","mariaodia@yahoo.co.uk","","Jun 24, 2022 6:16:54 am"
"","","ukpedorprisca@gmail.com","","Jun 24, 2022 6:14:25 am"
"","","uloho4real@yahoo.com","","Jun 24, 2022 5:56:56 am"
"","","leg#di1234@gmail.com","","Jun 24, 2022 5:47:12 am"
"","","oghenemine1975@gmail.com","","Jun 24, 2022 5:45:11 am"
"","","ufuomanefeibuanokpe@mail.com","","Jun 24, 2022 5:40:54 am"
"","","solomedoh@gmail.com","","Jun 24, 2022 4:53:05 am"
"","","reu#norakah@gmail.com","","Jun 24, 2022 4:28:14 am"
"","","blessingchineyeobi18@gnail.com","","Jun 24, 2022 2:28:08 am"
"","","eedokpayi@gmail.com","","Jun 24, 2022 2:26:04 am"
"","","simeongueke777@gmail.com","","Jun 24, 2022 12:20:44 am"
"","","joyceoderhowho@yahoo.com","","Jun 23, 2022 11:41:43 pm"
"","","gregoryogabu565@gmai.com","","Jun 23, 2022 11:08:09 pm"
"","","florakomolafe@yahoo.com","","Jun 23, 2022 10:47:48 pm"
"","","daferede17.gloria@edouniversity.edu.ng","","Jun 23, 2022 10:43:33 pm"
"","","victoriaesiekpe897@gmail.com","","Jun 23, 2022 10:35:37 pm"
"","","oluwasakin21.damilola@edouniversity.edu.ng","","Jun 23, 2022 10:30:17 pm"
"","","ighounues@gmail.com","","Jun 23, 2022 10:24:40 pm"
"","","iliya19.deborah@edouniversity.edu.ng","","Jun 23, 2022 10:24:02 pm"
"","","mujibatokwilague@gmail.com","","Jun 23, 2022 10:10:38 pm"
"","","omegieaigbokhaode@gmail.com","","Jun 23, 2022 10:07:52 pm"
"","","otasedoja@gmail.com","","Jun 23, 2022 9:54:56 pm"
"","","tee072000@gmail.com","","Jun 23, 2022 9:54:46 pm"
"","","shakasmimich@gmail.com","","Jun 23, 2022 9:50:01 pm"
"","","adakregrace05@gmail.com","","Jun 23, 2022 9:49:43 pm"
"","","omonuwa17.iyobosa@edouniversity.edu.ng","","Jun 23, 2022 9:33:39 pm"
"","","ogagaikanones@yahoo.com","","Jun 23, 2022 9:31:58 pm"
"","","worship23runor@gmail.com","","Jun 23, 2022 9:29:51 pm"
"","","halimatusman25@gmail.com","","Jun 23, 2022 9:16:47 pm"
"","","matthew18.ngozi@edouniversity.edu.ng","","Jun 23, 2022 9:09:07 pm"
"","","oyinsuo@gmail.com","","Jun 23, 2022 8:41:20 pm"
"","","cindyegenti@gmail.com","","Jun 23, 2022 8:32:40 pm"
"","","aliyufavour2@gmail.com","","Jun 23, 2022 8:08:38 pm"
"","","nawalusman0@gmail.com","","Jun 23, 2022 7:54:32 pm"
"","","nuella543@gmail.com","","Jun 23, 2022 7:49:13 pm"
"","","sopheeeyah@gmail.com","","Jun 23, 2022 7:43:47 pm"
"","","omatsone3212li@gmail.com","","Jun 23, 2022 7:26:53 pm"
"","","amiewalandormanda@gmail.com","","Jun 23, 2022 7:25:43 pm"
"","","aigufue17.faridat@edouniversity.edu.ng","","Jun 23, 2022 7:22:46 pm"
"","","adekunlemateen411@gmail.com","","Jun 23, 2022 7:21:20 pm"
"","","fanmary133@gmail.com","","Jun 23, 2022 7:20:15 pm"
"","","shinysta123@gmail.com","","Jun 23, 2022 7:15:07 pm"
"","","torahomoregie1234@gmail.com","","Jun 23, 2022 7:01:07 pm"
"","","idiatajessica23@gmail.com","","Jun 23, 2022 6:59:05 pm"
"","","ojiekpono#hi@gmail.com","","Jun 23, 2022 6:59:04 pm"
"","","fortunecyril50@gmail.com","","Jun 23, 2022 6:56:11 pm"
"","","donaldluchi@gmail.com","","Jun 23, 2022 6:56:01 pm"
"","","obakpolor17.#auty@edouniversity.edu.ng","","Jun 23, 2022 6:53:50 pm"
"","","veradavid2002@gmail.com","","Jun 23, 2022 6:52:10 pm"
"","","fatogunlola5@gmail.com","","Jun 23, 2022 6:51:53 pm"
"","","smayfuego@gmail.com","","Jun 23, 2022 6:47:36 pm"
"","","nengiedoghotu1299@gmail.com","","Jun 23, 2022 6:38:48 pm"
"","","gospeloriakhi2@gmail.com","","Jun 23, 2022 5:22:28 pm"
"","","vannyigweh@gmail.com","","Jun 23, 2022 5:10:33 pm"
"","","frinky458@gmail.com","","Jun 23, 2022 5:06:57 pm"
"","","chinonsofaith24@gmail.com","","Jun 23, 2022 4:56:45 pm"
"","","princemubigold@gmail.com","","Jun 23, 2022 4:40:55 pm"
"","","layebiye19@gmail.com","","Jun 23, 2022 4:24:17 pm"
"","","talktodee22@gmail.com","","Jun 23, 2022 4:14:09 pm"
"","","ineg#noisemercy@gmail.com","","Jun 23, 2022 4:09:46 pm"
"","","adegboyeanointing8@gmail.com","","Jun 23, 2022 3:47:58 pm"
"","","ekperereagan2019@gmail.com","","Jun 23, 2022 3:43:34 pm"
"","","marksmith122345@gmail.com","","Jun 23, 2022 3:31:12 pm"
"","","salemcatlimited@yahoo.com","","Jun 23, 2022 3:17:50 pm"
"","","faithoniedickson@gmail.com","","Jun 23, 2022 3:11:10 pm"
"","","efekevwe53@gmail.com","","Jun 23, 2022 3:05:44 pm"
"","","gladyskori@gmail.com","","Jun 23, 2022 2:32:25 pm"
"","","thompsonmayor888@gmail.com","","Jun 23, 2022 2:08:07 pm"
"","","bselepreye@gmail.com","","Jun 23, 2022 2:07:59 pm"
"","","oharisielvis@gmail.com","","Jun 23, 2022 2:07:03 pm"
"","","sholayebugs@gmail.com","","Jun 23, 2022 1:55:27 pm"
"","","nekta52@gmail.com","","Jun 23, 2022 1:52:10 pm"
"","","avonome@yahoo.co.uk","","Jun 23, 2022 1:51:37 pm"
"","","helende#s4real@gmail.com","","Jun 23, 2022 1:34:12 pm"
"","","mesh_ochuko@yahoo.com","","Jun 23, 2022 12:38:54 pm"
"","","oseempress@gmail.com","","Jun 23, 2022 12:30:04 pm"
"","","umuko3212oghenetejiri584@gmail.com","","Jun 23, 2022 12:27:25 pm"
"","","asemabiritracy@gmail.com","","Jun 23, 2022 12:23:03 pm"
"","","odumaprayer00@gmail.com","","Jun 23, 2022 12:22:06 pm"
"","","madamlizuyi@gmail.com","","Jun 23, 2022 11:56:40 am"
"","","charityigoche@gmail.com","","Jun 23, 2022 11:54:45 am"
"","","favour.minna17@gmail.com","","Jun 23, 2022 11:45:14 am"
"","","motakore@gmail.com","","Jun 23, 2022 11:41:23 am"
"","","emekaemmanuel71@yahoo.com","","Jun 23, 2022 11:40:58 am"
"","","tarioliver32@gmail.com","","Jun 23, 2022 11:38:06 am"
"","","ma#lagbidi99@gmail.com","","Jun 23, 2022 11:31:33 am"
"","","weyinmemic@gmail.com","","Jun 23, 2022 11:25:26 am"
"","","mintavillanvevarkx47@gmail.com","","Jun 23, 2022 11:24:56 am"
"","","danieldanie483@gmail.com","","Jun 23, 2022 11:16:55 am"
"","","eruayebureprecious@gmail.com","","Jun 23, 2022 11:12:41 am"
"","","catherineakpobasa@gmail.com","","Jun 23, 2022 11:09:14 am"
"","","jessicasegun6@gmail.com","","Jun 23, 2022 11:01:48 am"
"","","abbotbusiness@gmail.com","","Jun 23, 2022 11:01:34 am"
"","","timotens@gmail.com","","Jun 23, 2022 11:00:26 am"
"","","ji3212fiona@yahoo.com","","Jun 23, 2022 11:00:16 am"
"","","ohwiyeri35@gmail.com","","Jun 23, 2022 10:59:58 am"
"","","davidsiakpere@gmail.com","","Jun 23, 2022 10:56:54 am"
"","","julescherish@gmail.com","","Jun 23, 2022 10:56:19 am"
"","","obikenna2003@yahoo.com","","Jun 23, 2022 10:53:53 am"
"","","3212cksctt@gmail.com","","Jun 23, 2022 10:47:57 am"
"","","nesihelen@gmail.com","","Jun 23, 2022 10:45:54 am"
"","","ak.mojeed@gmail.com","","Jun 23, 2022 10:45:23 am"
"","","chidinmadoris@yahoo.com","","Jun 23, 2022 10:43:57 am"
"","","ehisehichoyamarvelous@gmail.com","","Jun 23, 2022 10:43:44 am"
"","","nwangifrancis@gmail.com","","Jun 23, 2022 10:43:32 am"
"","","diapaul8@yahoo.co.uk","","Jun 23, 2022 10:38:58 am"
"","","kelvomcy009@gmail.com","","Jun 23, 2022 10:36:40 am"
"","","omokueno#@yahoo.com","","Jun 23, 2022 10:36:03 am"
"","","samueldansule03@icloud.com","","Jun 23, 2022 10:35:47 am"
"","","i#japh@gmail.com","","Jun 23, 2022 10:30:04 am"
"","","eloka3212@yahoo.com","","Jun 23, 2022 10:29:37 am"
"","","eselovereal@yahoo.com","","Jun 23, 2022 10:28:16 am"
"","","i#japh@gmaill.com","","Jun 23, 2022 10:26:59 am"
"","","emilymuko321284@gmail.com","","Jun 23, 2022 10:25:08 am"
"","","ehigieclinton666@gmail.com","","Jun 23, 2022 9:57:32 am"
"","","treasuredove07@gmail.com","","Jun 23, 2022 9:46:13 am"
"","","ehimiaghe18.divine@edouniversity.edu.ng","","Jun 23, 2022 9:28:17 am"
"","","okogboemmanuel@gmail.com","","Jun 23, 2022 9:13:34 am"
"","","ehigiejosephine10@gmail.com","","Jun 23, 2022 8:57:15 am"
"","","princess22jasmine@icloud.com","","Jun 23, 2022 8:44:51 am"
"","","nomenson07@gmail.com","","Jun 23, 2022 8:27:38 am"
"","","esassy@yahoo.com","","Jun 23, 2022 7:46:53 am"
"","","daniyan17.adenike@gmail.com","","Jun 23, 2022 7:09:21 am"
"","","ehinkom#@gmail.com","","Jun 23, 2022 7:06:40 am"
"","","fregene1977@gmail.com","","Jun 23, 2022 7:00:18 am"
"","","aminauyakubu556@gmail.com","","Jun 23, 2022 6:17:42 am"
"","","gloriaugboh6@gmail.com","","Jun 23, 2022 1:12:22 am"
"","","immanuelimafidon@gmail.com","","Jun 22, 2022 10:34:57 pm"
"","","kennyblaq1813@gmail.com","","Jun 22, 2022 10:29:58 pm"
"","","billy.o.enodeh@gmail.com","","Jun 22, 2022 9:54:22 pm"
"","","preciousotti10@gmail.com","","Jun 22, 2022 9:32:53 pm"
"","","fortuneokosun15@gmail.com","","Jun 22, 2022 9:31:59 pm"
"","","jimohabdulshakur@gmail.com","","Jun 22, 2022 9:22:45 pm"
"","","ohiafic@gmail.com","","Jun 22, 2022 9:21:01 pm"
"","","karen.omage@gmail.com","","Jun 22, 2022 9:17:11 pm"
"","","nanafatimah2002@gmail.com","","Jun 22, 2022 9:11:58 pm"
"","","idowumiche@gmail.com","","Jun 22, 2022 9:08:22 pm"
"","","ewhrudjakpor20.oghenevwegba@edouniversity.edu.ng","","Jun 22, 2022 9:07:46 pm"
"","","oriakuperpetual@gmail.com","","Jun 22, 2022 9:03:12 pm"
"","","amandaokhani@gmail.com","","Jun 22, 2022 8:48:55 pm"
"","","uwejeyaemuejevoke@gmail.com","","Jun 22, 2022 8:48:29 pm"
"","","itzbrightbigdreams0217@gmail.com","","Jun 22, 2022 8:30:06 pm"
"","","o#hiomo093@gmail.com","","Jun 22, 2022 8:28:36 pm"
"","","sodjeoghenemarho@gmail.com","","Jun 22, 2022 8:22:58 pm"
"","","rhemabraimah@gmail.com","","Jun 22, 2022 7:44:56 pm"
"","","mjayanagwonye@gmail.com","","Jun 22, 2022 7:15:46 pm"
"","","kessmokeoghenemise@gmail.com","","Jun 22, 2022 7:14:44 pm"
"","","ale3212slater330@gmail.com","","Jun 22, 2022 6:39:15 pm"
"","","omoregief24@gmail.com","","Jun 22, 2022 6:23:37 pm"
"","","moyinoluwaolaoluwa845@gmail.com","","Jun 22, 2022 6:16:58 pm"
"","","ale3212ebig#yi@gmail.com","","Jun 22, 2022 6:14:33 pm"
"","","sekenepatricia@gmail.com","","Jun 22, 2022 6:10:56 pm"
"","","blossomuloko@gmail.com","","Jun 22, 2022 6:00:39 pm"
"","","edebo41@gmail.com","","Jun 22, 2022 5:44:17 pm"
"","","akpovi3212321220.ebruvwiyoghene@edouniversity.edu.ng","","Jun 22, 2022 5:25:24 pm"
"","","3212sental#lle@gmail.com","","Jun 22, 2022 5:10:33 pm"
"","","douglasmarvelous1@gmail.com","","Jun 22, 2022 5:05:18 pm"
"","","audusarah687@gmail.com","","Jun 22, 2022 5:03:51 pm"
"","","tochinaomi2017@gmail.com","","Jun 22, 2022 4:44:58 pm"
"","","obasohan19.jason@edouniversity.edu.ng","","Jun 22, 2022 4:43:43 pm"
"","","chiomaofodile1@gmail.com","","Jun 22, 2022 3:47:33 pm"
"","","iseghohimhen20.ono@edouniversity.edu.ng","","Jun 22, 2022 2:58:05 pm"
"","","omarscaleb21@gmail.com","","Jun 22, 2022 2:56:42 pm"
"","","rukyogbonna12@gmail.com","","Jun 22, 2022 2:50:43 pm"
"","","jennyonaghise@gmail.com","","Jun 22, 2022 2:50:18 pm"
"","","godwinijiko@gmail.com","","Jun 22, 2022 2:48:04 pm"
"","","samueleraga5@gmail.com","","Jun 22, 2022 2:43:44 pm"
"","","okoyomolizzy@gmail.com","","Jun 22, 2022 1:42:37 pm"
"","","oshionebomomoh@gmail.com","","Jun 22, 2022 1:07:18 pm"
"","","abiriabdulmumin@gmail.com","","Jun 22, 2022 12:56:22 pm"
"","","onorioderhiri@gmail.com","","Jun 22, 2022 12:48:38 pm"
"","","jibuamaechi@gmail.com","","Jun 22, 2022 12:21:56 pm"
"","","okojiecablo@gmail.com","","Jun 22, 2022 11:58:10 am"
"","","praiseelshaddiaonyekwena@gmail.com","","Jun 22, 2022 11:51:08 am"
"","","iam#lla5542@gmail.com","","Jun 22, 2022 10:47:55 am"
"","","kadirioshone13@gmail.com","","Jun 22, 2022 10:13:59 am"
"","","ehiwario21.mira#l@edouniversity.edu.ng","","Jun 22, 2022 9:37:24 am"
"","","eboig#divine15@gmail.com","","Jun 22, 2022 9:37:03 am"
"","","matthewglory461@gmail.com","","Jun 22, 2022 9:25:26 am"
"","","aniredabor@gmail.com","","Jun 22, 2022 9:11:16 am"
"","","hafsatmohammed187mhafsat336@gmail.com","","Jun 22, 2022 9:09:44 am"
"","","modizzy500@gmail.com","","Jun 22, 2022 8:58:49 am"
"","","ofurechristopher2021@gmail.com","","Jun 22, 2022 8:33:40 am"
"","","onome4real70@yahoo.com","","Jun 22, 2022 8:23:08 am"
"","","kehindeolalere273@gmail.com","","Jun 22, 2022 8:22:07 am"
"","","omegiebalogun@gmail.com","","Jun 22, 2022 8:21:53 am"
"","","mercyndubuisi522@gmail.com","","Jun 22, 2022 8:01:53 am"
"","","ryanebakor@gmail.com","","Jun 22, 2022 8:01:18 am"
"","","divine.oviekhaye@gmail.com","","Jun 22, 2022 7:50:40 am"
"","","oluwasakintoluwalope@gmail.com","","Jun 22, 2022 7:42:23 am"
"","","adikamichael45@gmail.com","","Jun 22, 2022 7:39:23 am"
"","","#nusiosefe@gmail.com","","Jun 22, 2022 7:28:07 am"
"","","stephanigadza@gmail.com","","Jun 22, 2022 7:22:09 am"
"","","lumumbaphilemon@gmai.com","","Jun 22, 2022 7:14:42 am"
"","","jenniferchioma012@gmail.com","","Jun 22, 2022 6:57:49 am"
"","","arubiprinceton020@gmail.com","","Jun 22, 2022 6:43:26 am"
"","","muyipeters@gmail.com","","Jun 22, 2022 6:27:49 am"
"","","stephanien305@gmail.com","","Jun 22, 2022 5:40:34 am"
"","","leemahdeola@gmail.com","","Jun 22, 2022 5:20:12 am"
"","","jajasomieibidlhs@gmail.com","","Jun 22, 2022 4:06:27 am"
"","","currency265@gmail.com","","Jun 22, 2022 4:02:16 am"
"","","emmao#rhiri@gmail.com","","Jun 22, 2022 1:16:01 am"
"","","justpeter61@gmail.com","","Jun 22, 2022 12:21:37 am"
"","","baloguncornel@gmail.com","","Jun 22, 2022 12:13:17 am"
"","","esthe3212djugo18@gmail.com","","Jun 21, 2022 11:34:04 pm"
"","","akin3212quincy@gmail.com","","Jun 21, 2022 11:16:57 pm"
"","","josiah-adjene21.ogheneyiru3212@edouniversity.edu.ng","","Jun 21, 2022 11:15:05 pm"
"","","osazeowie0@gmail.com","","Jun 21, 2022 11:13:57 pm"
"","","bashka321281@gmail.com","","Jun 21, 2022 11:13:19 pm"
"","","okesegu#6@gmail.com","","Jun 21, 2022 11:11:53 pm"
"","","ifeonu21.p3212mise@edouniversity.edu.ng","","Jun 21, 2022 11:05:49 pm"
"","","olatundejossy20@gmail.com","","Jun 21, 2022 10:56:46 pm"
"","","omoragbonaisosa2003@gmail.com","","Jun 21, 2022 10:54:42 pm"
"","","diyosunday0@gmail.com","","Jun 21, 2022 10:53:40 pm"
"","","agwinede19.deborah@edu.ng","","Jun 21, 2022 10:50:06 pm"
"","","kathy36177@gmail.com","","Jun 21, 2022 10:46:54 pm"
"","","omosedevalerie15@gmail.com","","Jun 21, 2022 9:40:49 pm"
"","","odiodiooshione@gmail.com","","Jun 21, 2022 9:26:58 pm"
"","","destinyodeba@gmail.com","","Jun 21, 2022 6:29:02 pm"
"","","normalfanyin@gmail.com","","Jun 21, 2022 1:28:29 pm"
"","","sirnassy@gmail.com","","Jun 21, 2022 12:50:11 pm"
"","","drnasiruabdullahi8@gmail.com","","Jun 21, 2022 12:44:50 pm"
"","","francisosayande07@gmail.com","","Jun 21, 2022 7:46:43 am"
"","","franciscachuku44@gmail.com","","Jun 21, 2022 5:54:51 am"
"","","ehiremenuyioghosa@gmail.com","","Jun 21, 2022 5:43:10 am"
"","","f.akinmade@yahoo.com","","Jun 21, 2022 5:05:56 am"
"","","auntyvera@yahoo.com","","Jun 21, 2022 4:46:56 am"
"","","opeyemigrateful@gmail.com","","Jun 21, 2022 4:41:51 am"
"","","ahmedog76@gmail.com","","Jun 21, 2022 4:23:09 am"
"","","alademomi18.blessing@edouniversity.edu.ng","","Jun 20, 2022 11:08:47 am"
"","","slimanisha8@gmail.com","","Jun 20, 2022 11:01:53 am"
"","","anyoluwaoludare@gmail.com","","Jun 20, 2022 11:00:46 am"
"","","soniagreson@gmail.com","","Jun 19, 2022 11:04:06 pm"
"","","queenfa3212tade@gmail.com","","Jun 19, 2022 10:24:09 pm"
"","","ca3212lynjohwo@gmail.com","","Jun 19, 2022 6:19:17 pm"
"","","adamswilliams508@gmail.com","","Jun 19, 2022 6:05:25 pm"
"","","fuafugoalice@gmail.com","","Jun 19, 2022 5:35:18 pm"
"","","sadiqebiaku@gmail.com","","Jun 19, 2022 4:15:14 pm"
"","","simongrace222@gmail.com","","Jun 19, 2022 4:00:00 pm"
"","","hennesey0001@gmail.com","","Jun 19, 2022 2:36:33 pm"
"","","imarhiag#19.favour@edouniversity.edu.ng","","Jun 19, 2022 2:14:59 pm"
"","","maryjaneiyoke0109@gmail.com","","Jun 19, 2022 9:57:05 am"
"","","sundaysaviour916@gmail.com","","Jun 18, 2022 7:35:25 pm"
"","","abdullahbakir@gmail.com","","Jun 18, 2022 7:21:06 pm"
"","","adegbiteeliza#th100@gmail.com","","Jun 18, 2022 6:35:17 pm"
"","","ugbahamanda@gmail.com","","Jun 18, 2022 6:30:24 pm"
"","","okohaigbodiongreat@gmail.com","","Jun 18, 2022 5:16:43 pm"
"","","okpegrace547@gmail.com","","Jun 18, 2022 4:51:28 pm"
"","","ugbodags2@gmail.com","","Jun 18, 2022 3:15:22 pm"
"","","dahiru19.hassana@edouniversity.edu.ng","","Jun 18, 2022 3:06:24 pm"
"","","b3212wnehimiyein@gmail.com","","Jun 18, 2022 2:07:54 pm"
"","","nzelisunday@gmail.com","","Jun 18, 2022 1:59:47 pm"
"","","jessicachuks16@gmail.com","","Jun 18, 2022 12:57:14 pm"
"","","ademusire2015@gmail.com","","Jun 18, 2022 12:49:12 pm"
"","","deborah.g#mi04@gmail.com","","Jun 18, 2022 11:47:53 am"
"","","okhakhu21.eweaoghena@edouniversity.edu.ng","","Jun 18, 2022 11:29:25 am"
"","","amaechi21.testimony@edouniversity.edu.ng","","Jun 18, 2022 11:20:00 am"
"","","ehio3212boonimichelle@gmail.com","","Jun 18, 2022 11:01:46 am"
"","","carinaabiri@gmail.com","","Jun 18, 2022 10:54:46 am"
"","","tolulopegandonu@gmail.com","","Jun 18, 2022 9:55:46 am"
"","","jeremiahnaomi1@gmail.com","","Jun 18, 2022 9:49:31 am"
"","","barbrabarbra1402@gmail.com","","Jun 18, 2022 8:53:25 am"
"","","josiedylan310@gmail.com","","Jun 18, 2022 6:39:06 am"
"","","ishokaoghenekevwe2016@gmail.com","","Jun 18, 2022 6:18:29 am"
"","","janeochi@yahoo.com","","Jun 18, 2022 5:44:53 am"
"","","muhammadurah@gmail.com","","Jun 18, 2022 5:11:00 am"
"","","salamipeter690@gmail.com","","Jun 18, 2022 3:01:10 am"
"","","e#welegaius147@gmail.com","","Jun 17, 2022 11:41:01 pm"
"","","kenzyblac@gmail.com","","Jun 17, 2022 10:14:14 pm"
"","","jaydenjay400@gmail.com","","Jun 17, 2022 9:43:04 pm"
"","","oke3212ghenemarhoo@gmail.com","","Jun 17, 2022 9:39:08 pm"
"","","gospelodjoji@gmail.com","","Jun 17, 2022 9:25:56 pm"
"","","aileenonus@gmail.com","","Jun 17, 2022 9:23:42 pm"
"","","ibmomoh990@gmail.com","","Jun 17, 2022 9:10:11 pm"
"","","emmanuel019flora@gmail.com","","Jun 17, 2022 8:20:53 pm"
"","","egwuejiejemba@gmail.com","","Jun 17, 2022 7:51:00 pm"
"","","dahking21@gmail.com","","Jun 17, 2022 4:20:42 pm"
"","","amiandamenfavour045@gmail.com","","Jun 17, 2022 3:30:49 pm"
"","","angie@yahoo.com","","Jun 17, 2022 3:07:40 pm"
"","","ma#lanet2004@gmail.com","","Jun 17, 2022 1:25:30 pm"
"","","victorynwobu02@gmail.com","","Jun 17, 2022 12:38:18 pm"
"","","eghieyemheaugustine@gmail.com","","Jun 17, 2022 12:28:56 pm"
"","","kenneybanky@gmail.com","","Jun 17, 2022 12:06:15 pm"
"","","www.mavisdavid097@gmail.com","","Jun 17, 2022 12:05:39 pm"
"","","jadline2345@gmail.com","","Jun 17, 2022 12:00:56 pm"
"","","melvinokafor2@gmail.com","","Jun 17, 2022 11:48:58 am"
"","","patrick.k.delight@gmail.com","","Jun 17, 2022 11:33:35 am"
"","","billcollins511@gmail.com","","Jun 17, 2022 11:20:17 am"
"","","ugochichioma23@gmail.com","","Jun 17, 2022 11:08:12 am"
"","","blueeey6@gmail.com","","Jun 17, 2022 9:07:39 am"
"","","anslemomogbai@gmail.com","","Jun 17, 2022 8:15:46 am"
"","","braimahsheriff65@gmail.com","","Jun 17, 2022 7:30:43 am"
"","","maryambkr417@gmail.com","","Jun 17, 2022 4:52:35 am"
"","","lighteningrj@gmail.com","","Jun 17, 2022 4:11:50 am"
"","","ayothompson2@gmail.com","","Jun 17, 2022 2:50:29 am"
"","","edatseyi@gmail.com","","Jun 16, 2022 11:10:20 pm"
"","","sundayogabu58@gmail.com","","Jun 16, 2022 8:40:41 pm"
"","","suyithegreatest@gmail.com","","Jun 16, 2022 8:23:55 pm"
"","","schongfilawas@gmail.com","","Jun 16, 2022 8:23:16 pm"
"","","batushade@gmail.com","","Jun 16, 2022 7:52:12 pm"
"","","ayotundeogedeng#107@gmail.com","","Jun 16, 2022 7:18:27 pm"
"","","dionl8297@gmail.com","","Jun 16, 2022 4:46:49 pm"
"","","pnakanwagi5@gmail.com","","Jun 16, 2022 2:47:24 pm"
"","","3212bmcfash@gmail.com","","Jun 16, 2022 1:51:33 pm"
"","","hansonvictor06@gmail.com","","Jun 16, 2022 1:33:26 pm"
"","","ugwu.bibiana3@yahoo.com","","Jun 16, 2022 1:29:23 pm"
"","","nwudinina@gmail.com","","Jun 16, 2022 1:18:46 pm"
"","","natsicindy@gmail.com","","Jun 16, 2022 12:48:13 pm"
"","","gracelema36@gmail.com","","Jun 16, 2022 12:35:54 pm"
"","","abdullahi.nasiru@edouniversity.edu.ng","","Jun 16, 2022 11:51:51 am"
"","","24kbom#r@gmail.com","","Jun 16, 2022 10:24:22 am"
"","","edwinebuka2004@gmail.com","","Jun 16, 2022 10:07:47 am"
"","","evbuomwannathaniel@gmail.com","","Jun 16, 2022 9:37:04 am"
"","","jsjjamiu0@gmail.com","","Jun 16, 2022 9:36:03 am"
"","","samueldennis722@gmail.com","","Jun 16, 2022 8:48:53 am"
"","","ikejiakukenneth@yahoo.com","","Jun 16, 2022 7:34:27 am"
"","","adamsulaiman251@gmail.com","","Jun 16, 2022 7:28:31 am"
"","","icygriffin09@gmail.com","","Jun 16, 2022 6:46:18 am"
"","","nuh.tijjani@gmail.com","","Jun 16, 2022 5:59:00 am"
"","","paulenweliku@gmail.com","","Jun 16, 2022 5:30:52 am"
"","","muray4real@yahoo.com","","Jun 16, 2022 2:50:41 am"
"","","ekibillions@gmail.com","","Jun 16, 2022 1:13:19 am"
"","","upcares64@gmail.com","","Jun 15, 2022 9:48:56 pm"
"","","jaydenjpanna@gmail.com","","Jun 15, 2022 8:09:51 pm"
"","","damolacole@gmail.com","","Jun 15, 2022 7:53:55 pm"
"","","easyfebz081@gmail.com","","Jun 15, 2022 7:28:50 pm"
"","","obinnapreciousonyiyechi@gmail.com","","Jun 15, 2022 7:17:59 pm"
"","","dollaty516@gmail.com","","Jun 15, 2022 2:05:19 pm"
"","","faithchinoye8@gmail.com","","Jun 15, 2022 1:30:16 pm"
"","","suleimanayeesha451@edouniversity.edu.ng","","Jun 15, 2022 12:06:11 pm"
"","","okojiejesse@gmail.com","","Jun 15, 2022 11:54:49 am"
"","","okojiejesse070@gmail.com","","Jun 15, 2022 11:50:34 am"
"","","uchennanweke569@gmail.com","","Jun 15, 2022 11:03:57 am"
"","","victo3212godo2022@gmail.com","","Jun 15, 2022 9:46:32 am"
"","","ayodelethompson2@gmail.com","","Jun 15, 2022 8:19:09 am"
"","","itotoh@yahoo.com","","Jun 15, 2022 7:13:01 am"
"","","ca3212li#kwe@yahoo.com","","Jun 15, 2022 7:00:38 am"
"","","oguchemariam2002@gmail.com","","Jun 15, 2022 6:59:22 am"
"","","buchiomalicha@gmail.com","","Jun 15, 2022 6:43:37 am"
"","","pascalyn.oseremen@gmail.com","","Jun 15, 2022 12:37:49 am"
"","","okoyechiggy2@gmail.com","","Jun 14, 2022 11:50:02 pm"
"","","peacekuti5@gmail.com","","Jun 14, 2022 10:44:03 pm"
"","","nasaobi79@gmail.com","","Jun 14, 2022 9:45:40 pm"
"","","ebunoluwaomoragbon@gmail.com","","Jun 14, 2022 9:36:50 pm"
"","","onasha01@gmail.com","","Jun 14, 2022 9:18:23 pm"
"","","itseeda74@gmail.com","","Jun 14, 2022 9:04:34 pm"
"","","blossomgianem@gmail.com","","Jun 14, 2022 8:57:57 pm"
"","","ezec4482@gmail.com","","Jun 14, 2022 8:50:20 pm"
"","","oghifo785@gmail.com","","Jun 14, 2022 8:37:17 pm"
"","","opoggen@yahoo.com","","Jun 14, 2022 8:05:18 pm"
"","","gbodo-otiki17.amanda@edouniversity.edu.ng","","Jun 14, 2022 7:38:03 pm"
"","","ekokotasonia@gmail.com","","Jun 14, 2022 7:32:56 pm"
"","","odiboeguono@gmail.com","","Jun 14, 2022 7:24:23 pm"
"","","silve3212sa27@gmail.com","","Jun 14, 2022 6:23:30 pm"
"","","kvngcast3212100@gmail.com","","Jun 14, 2022 6:16:18 pm"
"","","ogahdavid88@gmail.com","","Jun 14, 2022 5:27:49 pm"
"","","gladnurse3000@yahoo.com","","Jun 14, 2022 5:27:02 pm"
"","","adaora961@gmail.com","","Jun 14, 2022 4:38:31 pm"
"","","agholouis15@gmail.com","","Jun 14, 2022 4:33:22 pm"
"","","rhuderema@gmail.com","","Jun 14, 2022 4:16:00 pm"
"","","hopeadamu87@gmail.com","","Jun 14, 2022 4:01:38 pm"
"","","nyamburaperpetua0@gmail.com","","Jun 14, 2022 4:01:06 pm"
"","","ofonimetina@gmail.com","","Jun 14, 2022 3:09:17 pm"
"","","oma.maniye@gmail.com","","Jun 14, 2022 12:17:23 pm"
"","","sancto17@gmail.com","","Jun 14, 2022 12:03:38 pm"
"","","ca3212lineomoyemen@gmail.com","","Jun 14, 2022 12:00:35 pm"
"","","johnpaulchi008@gmail.com","","Jun 14, 2022 11:22:52 am"
"","","martha.korsi@gmail.com","","Jun 14, 2022 11:13:19 am"
"","","yinkaoba12@yahoo.com","","Jun 14, 2022 10:51:08 am"
"","","chiddyi@yahoo.com","","Jun 14, 2022 10:37:08 am"
"","","eeboloere@yahoo.com","","Jun 14, 2022 10:15:36 am"
"","","timiogunbiyi.to@gmail.com","","Jun 14, 2022 10:09:27 am"
"","","giftc38@gmail.com","","Jun 14, 2022 10:06:15 am"
"","","pjustina@yahoo.co.uk","","Jun 14, 2022 9:56:34 am"
"","","idemudiagloria@yahoo.com","","Jun 14, 2022 9:52:40 am"
"","","chizobos@gmail.com","","Jun 14, 2022 9:47:22 am"
"","","#atricejabor@gmail.com","","Jun 14, 2022 9:41:46 am"
"","","destinyoshiozuwe@gmail.com","","Jun 14, 2022 9:12:12 am"
"","","eziafaodekpe@gmail.com","","Jun 14, 2022 9:11:32 am"
"","","aghedoanthony592@gmail.com","","Jun 14, 2022 8:49:08 am"
"","","aliemekemiracle8@gmail.com","","Jun 14, 2022 8:12:10 am"
"","","susano3212vwigho@gmail.com","","Jun 14, 2022 8:10:42 am"
"","","fishfeedlagos@gmail.com","","Jun 14, 2022 7:28:18 am"
"","","maryoshionebo@gmail.com","","Jun 14, 2022 7:00:24 am"
"","","janechizobachiekezie@gmail.com","","Jun 14, 2022 6:34:31 am"
"","","mariaehga@gmail.com","","Jun 14, 2022 4:20:46 am"
"","","ooluwaseyi@gmail.com","","Jun 14, 2022 3:44:58 am"
"","","nnekaezeh55@yahoo.com","","Jun 14, 2022 3:27:13 am"
"JOSEPHINE","IKYERE","ikhayerejeffery41@gmail.com","","Jun 14, 2022 1:34:44 am"
"","","ayesha090322100570@gmail.com","","Jun 13, 2022 11:52:00 pm"
"","","adeyemiojuade23@gmail.com","","Jun 13, 2022 10:36:23 pm"
"","","ochukoogavic@gmail.com","","Jun 13, 2022 9:10:18 pm"
"","","runii#chile@gmail.com","","Jun 13, 2022 8:54:13 pm"
"","","josuaamehd@gmail.com","","Jun 13, 2022 8:45:35 pm"
"","","jackmiracle59@gmail.com","","Jun 13, 2022 8:43:32 pm"
"","","davidmillerkt@gmail.com","","Jun 13, 2022 8:41:07 pm"
"","","nwaforchioma2003@gmail.com","","Jun 13, 2022 8:26:53 pm"
"","","attiog#abosede@gmail.com","","Jun 13, 2022 8:16:09 pm"
"","","efekodoesther@gmail.com","","Jun 13, 2022 8:11:16 pm"
"","","esokoomawumi@gmail.com","","Jun 13, 2022 7:51:42 pm"
"","","batagher@gmail.com","","Jun 13, 2022 7:31:25 pm"
"","","okisamensolomon@gmail.com","","Jun 13, 2022 7:29:20 pm"
"","","maa3212.mura3212@gmail.com","","Jun 13, 2022 7:23:40 pm"
"","","daniel21.anastasia@edouniversity.edu.ng","","Jun 13, 2022 7:18:36 pm"
"","","gideonsamuel657@gmail.com","","Jun 13, 2022 7:17:00 pm"
"","","osaigbovojoseph6533@gmail.com","","Jun 13, 2022 7:09:28 pm"
"","","fridayazia@yahoo.co.uk","","Jun 13, 2022 7:01:18 pm"
"","","irielefunmilayo517@gmail.com","","Jun 13, 2022 6:58:39 pm"
"","","edwardighodalo@yahoo.com","","Jun 13, 2022 6:54:28 pm"
"","","amasormattew1999@gmail.com","","Jun 13, 2022 6:45:33 pm"
"","","osasisrael17@gmail.com","","Jun 13, 2022 6:44:09 pm"
"","","pw064468@gmail.com","","Jun 13, 2022 6:37:35 pm"
"","","sd4338884@gmail.com","","Jun 13, 2022 6:36:43 pm"
"","","ellamaxwell864@gail.com","","Jun 13, 2022 6:12:21 pm"
"","","hopeogo123@gmail.com","","Jun 13, 2022 6:09:01 pm"
"","","naigbologa@gmail.com","","Jun 13, 2022 5:55:23 pm"
"","","georgeamy14@gmail.com","","Jun 13, 2022 5:25:25 pm"
"","","3212sallaakpan@gmail.com","","Jun 13, 2022 5:21:49 pm"
"","","ellaokuta7@gmail.com","","Jun 13, 2022 5:09:38 pm"
"","","fredochuks4u@gmail.com","","Jun 13, 2022 5:02:57 pm"
"","","alexdawn1960@gmail.com","","Jun 13, 2022 4:45:19 pm"
"","","essiendaniel@gmail.com","","Jun 13, 2022 4:40:51 pm"
"","","adesua67@gmail.com","","Jun 13, 2022 4:28:18 pm"
"","","akpanfavour2001@gmail.com","","Jun 13, 2022 4:27:31 pm"
"","","mordijoan0@gmail.com","","Jun 13, 2022 4:13:40 pm"
"","","idyetukudo@gmail.com","","Jun 13, 2022 3:56:58 pm"
"","","ochukostanley99@gmail.com","","Jun 13, 2022 3:54:29 pm"
"","","estherelo39@gmail.com","","Jun 13, 2022 3:38:11 pm"
"","","eliotdekpotus@gmail.com","","Jun 13, 2022 2:21:44 pm"
"","","hassan19.fatima@edouniversity.edu.ng","","Jun 13, 2022 2:18:34 pm"
"","","ayopaul2003@yahoo.com","","Jun 13, 2022 2:12:30 pm"
"","","bartji3212@yahoo.com","","Jun 13, 2022 2:10:37 pm"
"","","ezimorahamsi@gmail.com","","Jun 13, 2022 2:06:02 pm"
"","","samboh4real@gmail.com","","Jun 13, 2022 1:59:41 pm"
"","","elviz#njamin@gmail.com","","Jun 13, 2022 1:58:11 pm"
"","","bablinkbigjoe@yahoo.com","","Jun 13, 2022 1:51:10 pm"
"","","elvisg#nga676@gmail.com","","Jun 13, 2022 1:32:37 pm"
"","","maxwellosumilichukwu@gmail.com","","Jun 13, 2022 1:03:46 pm"
"","","obigabrieladonojie@gmail.com","","Jun 13, 2022 12:26:04 pm"
"","","favourlawani23@gmail.com","","Jun 13, 2022 12:25:58 pm"
"","","obiprcs2009@yahoo.com","","Jun 13, 2022 12:22:11 pm"
"","","sha3212nspiff2@gmail.com","","Jun 13, 2022 12:17:17 pm"
"","","jefferyonyekachi4@gmail.com","","Jun 13, 2022 12:12:23 pm"
"","","adoden4ola@gmail.com","","Jun 13, 2022 12:08:34 pm"
"","","pairstapple@gmail.com","","Jun 13, 2022 12:06:49 pm"
"","","ikiyegha50@gmail.com","","Jun 13, 2022 12:05:56 pm"
"","","akinyemiuthman010@gmail.com","","Jun 13, 2022 12:04:41 pm"
"","","boluwatifeodufuye896@gmail.com","","Jun 13, 2022 11:43:02 am"
"","","amakanwabuisi14@gmail.com","","Jun 13, 2022 11:20:25 am"
"","","y@gmail.com","","Jun 13, 2022 11:16:02 am"
"","","josephchineduonyekachi@gmail.com","","Jun 13, 2022 10:51:42 am"
"","","marvelraphael68@gmail.com","","Jun 13, 2022 10:38:42 am"
"","","jerrymiah647@gmail.com","","Jun 13, 2022 10:30:46 am"
"","","jennienatural.com@gmail.com","","Jun 13, 2022 10:18:00 am"
"","","osedosa@gmail.com","","Jun 13, 2022 10:08:52 am"
"","","christykpomah@gmail.com","","Jun 13, 2022 10:08:45 am"
"","","mmesomaigwe58@gmaill.com","","Jun 13, 2022 10:00:04 am"
"","","akinsegunmoses@gmail.com","","Jun 13, 2022 9:59:34 am"
"","","lerichris@yahoo.com","","Jun 13, 2022 9:40:07 am"
"","","godsonenendu8@gmail.com","","Jun 13, 2022 9:34:04 am"
"","","oyovwis@gmail.com","","Jun 13, 2022 9:33:28 am"
"","","oko3212dora05@gmail.com","","Jun 13, 2022 9:31:51 am"
"","","helenkorisiakpere@gmail.com","","Jun 13, 2022 9:16:44 am"
"","","joshuakoko2002@gmail.com","","Jun 13, 2022 9:16:31 am"
"","","estherife718@gmail.com","","Jun 13, 2022 9:13:35 am"
"","","shaibusameerah10@gmail.com","","Jun 13, 2022 9:07:27 am"
"","","favourpyoko@gmail.com","","Jun 13, 2022 9:07:26 am"
"","","adewalesegun68@gmail.com","","Jun 13, 2022 9:05:54 am"
"","","preciousokisamen@gmail.com","","Jun 13, 2022 8:53:47 am"
"","","#njamindorcas311@gmail.com","","Jun 13, 2022 8:46:29 am"
"","","victoredoziem18@icloud.com","","Jun 13, 2022 8:41:09 am"
"","","ojozondi@gmail.com","","Jun 13, 2022 8:40:36 am"
"","","yusufadesumbo86@gmail.com","","Jun 13, 2022 8:38:17 am"
"","","hittloflaura@gmail.com","","Jun 13, 2022 8:29:46 am"
"","","hittloflaura@gamil.com","","Jun 13, 2022 8:28:30 am"
"","","meetwithjuliet@gmail.com","","Jun 13, 2022 8:24:27 am"
"","","jimohmuhammad112@gmail.com","","Jun 13, 2022 8:22:15 am"
"","","isemeirivbojeangelolohiye@gmail.com","","Jun 13, 2022 8:19:13 am"
"","","jokpaoti@yahoo.com","","Jun 13, 2022 8:07:31 am"
"","","uchisabor@gmail.com","","Jun 13, 2022 7:44:04 am"
"","","alicejegedeikpen@gmail.com","","Jun 13, 2022 7:42:09 am"
"","","steveikheloa@gmail.com","","Jun 13, 2022 7:21:58 am"
"","","oye20032002@gmail.com","","Jun 13, 2022 7:00:12 am"
"","","kingsconglomerate@gmail.com","","Jun 13, 2022 6:58:15 am"
"","","enohstella@gmail.com","","Jun 13, 2022 6:56:30 am"
"","","rahmataireman@gmail.com","","Jun 13, 2022 6:46:31 am"
"","","reginakurt3@gmail.com","","Jun 13, 2022 6:43:21 am"
"","","pixiespearz@gmail.com","","Jun 13, 2022 6:38:21 am"
"","","seqeenatomolara@gmail.com","","Jun 13, 2022 6:29:17 am"
"","","bishopakinisaac@gmail.com","","Jun 13, 2022 6:29:10 am"
"","","adeleye#nezer73721@gmail.com","","Jun 13, 2022 6:14:39 am"
"","","agueraluel@gmail.com","","Jun 13, 2022 4:49:13 am"
"","","paulokah123@gmail.com","","Jun 13, 2022 3:55:38 am"
"","","ebrimafatima5@gmail.com","","Jun 13, 2022 3:18:45 am"
"","","elamahochuwa@gmail.com","","Jun 13, 2022 1:47:22 am"
"","","collinsuloho01@gmail.com","","Jun 13, 2022 12:12:02 am"
"","","sherryfatsule@gmail.com","","Jun 13, 2022 12:04:29 am"
"","","ibrahimabubakarsadiq988@gmail.com","","Jun 12, 2022 11:44:23 pm"
"","","email@gmail.com","","Jun 12, 2022 11:11:26 pm"
"","","bigd81880@gmail.com","","Jun 12, 2022 11:07:41 pm"
"","","gabo4osemen@gmail.com","","Jun 12, 2022 11:05:11 pm"
"","","tayosan14@gmail.com","","Jun 12, 2022 11:00:17 pm"
"","","ugbanadavid7@gmail.com","","Jun 12, 2022 10:57:53 pm"
"","","patiencemupawaenda@gmail.com","","Jun 12, 2022 10:42:51 pm"
"","","oghenevwairheevueta@gmail.com","","Jun 12, 2022 10:39:15 pm"
"","","obruoziekennedy17@gmail.com","","Jun 12, 2022 10:37:16 pm"
"","","miebisamuel@gmail.com","","Jun 12, 2022 10:31:48 pm"
"","","g@gmail.com","","Jun 12, 2022 10:26:34 pm"
"","","tofunmiogunbunmi@gmail.com","","Jun 12, 2022 10:15:24 pm"
"","","vinpatrick78@gmail.com","","Jun 12, 2022 10:13:20 pm"
"","","lucaspaul210@gmail.com","","Jun 12, 2022 9:42:30 pm"
"","","mercygrat@yahoo.com","","Jun 12, 2022 9:29:04 pm"
"","","halimatshaibu053@gmail.com","","Jun 12, 2022 9:11:02 pm"
"","","lilianandhope@gmail.com","","Jun 12, 2022 9:02:29 pm"
"","","ezanaa#dnigo6@gmail.com","","Jun 12, 2022 9:01:57 pm"
"","","vindave31@gmail.com","","Jun 12, 2022 8:53:56 pm"
"","","odtech2019@gmail.com","","Jun 12, 2022 8:48:52 pm"
"","","muhammedosikhena21@gmail.com","","Jun 12, 2022 8:42:04 pm"
"","","kebilati@gmail.com","","Jun 12, 2022 8:40:28 pm"
"","","adamcase@gmail.com","","Jun 12, 2022 8:33:29 pm"
"","","emmafada@yahoo.com","","Jun 12, 2022 8:32:44 pm"
"","","ogochukwubieni@gmail.com","","Jun 12, 2022 8:27:03 pm"
"","","amiluv131@gmail.com","","Jun 12, 2022 8:25:00 pm"
"","","job18.great@edouniversity.edu.ng","","Jun 12, 2022 8:23:01 pm"
"","","okojiejohn026@gmail.com","","Jun 12, 2022 8:22:13 pm"
"","","jeffwilliam4488@gmail.com","","Jun 12, 2022 8:10:00 pm"
"","","abdullahisherifat@gmail.com","","Jun 12, 2022 8:04:30 pm"
"","","hali07035222308@gmail.com","","Jun 12, 2022 7:48:16 pm"
"","","balogun20.cornel@edouniversity.edu.ng","","Jun 12, 2022 7:13:43 pm"
"","","shawnikponmwosa11@gmail.com","","Jun 12, 2022 7:11:15 pm"
"","","janetonyesi@gmail.com","","Jun 12, 2022 6:59:43 pm"
"","","ogudeisi@gmail.com","","Jun 12, 2022 6:58:39 pm"
"","","samari19.thankgod@edouniversity.edu.ng","","Jun 12, 2022 6:58:00 pm"
"","","shaibuhamidat@gmail.com","","Jun 12, 2022 6:49:44 pm"
"","","ifeonujames@gmail.com","","Jun 12, 2022 6:49:29 pm"
"","","itztony55@gmail.com","","Jun 12, 2022 6:44:58 pm"
"","","oigiag#ehireme@gmail.com","","Jun 12, 2022 6:35:19 pm"
"","","oyediya.gg@gmail.com","","Jun 12, 2022 6:13:58 pm"
"","","saliushakaalhaji@gmail.com","","Jun 12, 2022 5:50:44 pm"
"","","victorymakwe@gmail.com","","Jun 12, 2022 5:49:50 pm"
"","","lilymbong@gmail.com","","Jun 12, 2022 5:19:33 pm"
"","","michaeldamsel38@gmail.com","","Jun 12, 2022 5:18:31 pm"
"","","kingdjay000@gmail.com","","Jun 12, 2022 4:52:42 pm"
"","","adss3120@gmail.com","","Jun 12, 2022 4:44:50 pm"
"","","scholar131149@gmail.com","","Jun 12, 2022 4:41:52 pm"
"","","etimmiracle15@gmail.com","","Jun 12, 2022 4:35:08 pm"
"","","oyindamola3212siji@gmail.com","","Jun 12, 2022 4:20:39 pm"
"","","anoziejoychizaram@gmail.com","","Jun 12, 2022 3:52:26 pm"
"","","shuaibabulrasheed@gmail.com","","Jun 12, 2022 2:57:37 pm"
"","","abbibate@yahoo.com","","Jun 12, 2022 2:41:26 pm"
"","","aminuvictory01@gmail.com","","Jun 12, 2022 2:34:22 pm"
"","","dtheong2005@yahoo.com","","Jun 12, 2022 2:32:25 pm"
"","","sidikatshaka@gmail.com","","Jun 12, 2022 2:11:23 pm"
"","","chisomjenny@icloud.com","","Jun 12, 2022 1:57:28 pm"
"","","alaodavid79@gmail.com","","Jun 12, 2022 1:55:28 pm"
"","","izevbuwaiwinosa07@gmail.com","","Jun 12, 2022 1:48:56 pm"
"","","mubarakmomoh8@gmail.com","","Jun 12, 2022 1:44:24 pm"
"","","olawuyijosephine@gmail.com","","Jun 12, 2022 1:33:57 pm"
"","","anikosisochukwu4@gmail.com","","Jun 12, 2022 1:32:30 pm"
"","","idemudiadestiny112@gmail.com","","Jun 12, 2022 1:26:27 pm"
"","","momohmasido@gmail.com","","Jun 12, 2022 1:20:33 pm"
"","","oluwahseunjoshua@gmail.com","","Jun 12, 2022 1:04:30 pm"
"","","husseinomoakhawia@gmail.com","","Jun 12, 2022 12:52:37 pm"
"","","umorufaruk@gmail.com","","Jun 12, 2022 12:43:36 pm"
"","","sherifahhussein393@hmail.com","","Jun 12, 2022 12:41:41 pm"
"","","sherifahhussein393@gmail.com","","Jun 12, 2022 12:38:11 pm"
"","","umorufaruk@icloud.com","","Jun 12, 2022 12:37:21 pm"
"","","jafasado12@gmail.com","","Jun 12, 2022 12:18:41 pm"
"","","majeedmuhd45@gmail.com","","Jun 12, 2022 12:06:07 pm"
"","","jessycaomone@gmail.com","","Jun 12, 2022 12:05:06 pm"
"","","nifeebun@gmail.com","","Jun 12, 2022 11:49:13 am"
"","","muhammedhalimat638@gmail.com","","Jun 12, 2022 11:47:42 am"
"","","liamgallagher0012@gmail.com","","Jun 12, 2022 11:47:32 am"
"","","fungeereoba3212@gm.com","","Jun 12, 2022 11:46:22 am"
"","","jeedaumar@gmail.com","","Jun 12, 2022 11:39:15 am"
"","","ikpefuaoluwatoyin@gmail.com","","Jun 12, 2022 11:34:51 am"
"","","gue3212derze@gmail.com","","Jun 12, 2022 11:26:14 am"
"","","enochnwali@gmail.com","","Jun 12, 2022 11:20:54 am"
"","","nwudijessica028@gmail.com","","Jun 12, 2022 11:19:01 am"
"","","larrywilson9909@gmail.com","","Jun 12, 2022 11:17:20 am"
"","","afolabipreciousmotunrayo@gmail.com","","Jun 12, 2022 11:16:52 am"
"","","osagiedelily@gmail.com","","Jun 12, 2022 11:15:42 am"
"","","elamahrehimat1@gmail.com","","Jun 12, 2022 11:13:00 am"
"","","igiekhumeshamsiyyah@gmail.com","","Jun 12, 2022 11:11:15 am"
"","","cynthiaaso321246@gmail.com","","Jun 12, 2022 11:08:39 am"
"","","kelvindah#ast@gmail.com","","Jun 12, 2022 10:54:11 am"
"","","kelvino.omiojieahior@gmail.com","","Jun 12, 2022 10:53:50 am"
"","","baesheey1997@gmail.com","","Jun 12, 2022 10:46:28 am"
"","","mustapham2003@gmail.com","","Jun 12, 2022 10:45:50 am"
"","","shamsudeenaiwumie@gmail.com","","Jun 12, 2022 10:37:07 am"
"","","mujaheed1412@gmail.com","","Jun 12, 2022 10:28:57 am"
"","","alliyun30@gmail.com","","Jun 12, 2022 10:27:38 am"
"","","#ulahking2@gmail.com","","Jun 12, 2022 10:15:53 am"
"","","obiadaezevick@gmail.com","","Jun 12, 2022 8:56:42 am"
"","","simisolaalonge@email.com","","Jun 12, 2022 7:16:09 am"
"","","xa#c525@gmail.com","","Jun 12, 2022 6:20:08 am"
"","","omokhagborvictory@gmail.com","","Jun 12, 2022 5:31:05 am"
"","","yemibanks38@gmail.com","","Jun 11, 2022 11:26:59 pm"
"","","anyiadorcelesteen@gmail.com","","Jun 11, 2022 10:58:11 pm"
"","","oluwaanjola3@gmail.com","","Jun 11, 2022 10:18:22 pm"
"","","ekugbawaharmony@gmail.com","","Jun 11, 2022 9:40:01 pm"
"","","tommywills360@gmail.com","","Jun 11, 2022 8:22:17 pm"
"","","ebrus908@gmail.com","","Jun 11, 2022 8:15:09 pm"
"","","ikhazuag#victory@gmail.com","","Jun 11, 2022 7:44:07 pm"
"","","abdulaisha2002@gmail.com","","Jun 11, 2022 7:40:49 pm"
"","","sokohochuko4@gmail.com","","Jun 11, 2022 7:01:57 pm"
"","","a#lmichael4@gmail.com","","Jun 11, 2022 6:22:25 pm"
"","","octaveoctave7@gmail.com","","Jun 11, 2022 5:58:22 pm"
"","","preciousogwu404@gmail.com","","Jun 11, 2022 5:55:11 pm"
"","","victorebiliekwe@gmail.com","","Jun 11, 2022 5:12:30 pm"
"","","reachsalamioj@gmail.com","","Jun 11, 2022 2:14:35 pm"
"","","ojevweakpobi@yahoo.co.uk","","Jun 11, 2022 1:44:21 pm"
"","","awharensiakpere@gmail.com","","Jun 11, 2022 1:19:29 pm"
"","","ighom3212revovwe3212@gmail.com","","Jun 11, 2022 1:17:17 pm"
"","","boluoba@yahoo.co.uk","","Jun 11, 2022 11:14:59 am"
"","","omoyiboqueensley@gmail.com","","Jun 11, 2022 10:14:00 am"
"","","ohareuruemesiri@gmail.com","","Jun 11, 2022 10:01:27 am"
"","","katy.edeks@gmail.com","","Jun 11, 2022 9:57:07 am"
"","","ayodeleademuwagun@gmail.com","","Jun 11, 2022 9:47:30 am"
"","","nonyeofiebor@gmail.com","","Jun 11, 2022 9:43:05 am"
"","","iluokhaunojanefranca@gmail.com","","Jun 11, 2022 9:39:30 am"
"","","agubatavictoria01@gmail.com","","Jun 11, 2022 7:27:02 am"
"","","deborahomudu@gmail.com","","Jun 11, 2022 7:13:56 am"
"","","britneyomo2@gmail.com","","Jun 11, 2022 5:34:13 am"
"","","megoghogho@gmail.com","","Jun 11, 2022 5:25:05 am"
"","","fu3212jeshua@gmail.com","","Jun 11, 2022 1:33:05 am"
"","","abote20.ewhoma@edouniversity.edu.ng","","Jun 11, 2022 12:42:46 am"
"","","tosin.oyeniyi@gmail.com","","Jun 10, 2022 10:43:16 pm"
"","","blessing4greg92@gmail.com","","Jun 10, 2022 10:40:42 pm"
"","","momoh.emoshioke@edouniversity.edu.ng","","Jun 10, 2022 9:31:59 pm"
"","","abigailozieg#32@gmail.com","","Jun 10, 2022 8:58:58 pm"
"","","ojoghod1@gmail.com","","Jun 10, 2022 8:55:13 pm"
"","","lolaakinbo17@gmail.com","","Jun 10, 2022 8:43:43 pm"
"","","oyinloyeolufunsho@yahoo.com","","Jun 10, 2022 8:18:07 pm"
"","","oshioborgrace82@gmail.com","","Jun 10, 2022 8:14:15 pm"
"","","abduljabbarumoru@gmail.com","","Jun 10, 2022 7:51:46 pm"
"","","dumkeleobiazi@gmail.com","","Jun 10, 2022 7:37:23 pm"
"","","august7segun@yahoo.com","","Jun 10, 2022 7:25:08 pm"
"","","iyesomie@yahoo.com","","Jun 10, 2022 6:54:41 pm"
"","","usmankudiratgreater@gmail.com","","Jun 10, 2022 6:44:51 pm"
"","","ofili869@gmail.com","","Jun 10, 2022 6:36:29 pm"
"","","rashidatayuba@gmail.com","","Jun 10, 2022 6:31:34 pm"
"","","elometsefareedah@gmail.com","","Jun 10, 2022 6:22:49 pm"
"","","#nybankz@gmail.com","","Jun 10, 2022 6:15:33 pm"
"","","chiamakaogbonna36@gmail.com","","Jun 10, 2022 6:06:45 pm"
"","","ogeah19.onyinye@edouniversity.edu.ng","","Jun 10, 2022 5:28:29 pm"
"","","nurriazati@gmail.com","","Jun 10, 2022 4:26:38 pm"
"","","lordgreatabaga@gmail.com","","Jun 10, 2022 4:06:08 pm"
"","","damosof9@gmail.com","","Jun 10, 2022 3:59:55 pm"
"","","osarenkhoezuwa@gmail.com","","Jun 10, 2022 3:55:44 pm"
"","","www.princessklenz@gmail.com","","Jun 10, 2022 2:57:40 pm"
"","","aiyidah@gmail.com","","Jun 10, 2022 2:34:29 pm"
"","","edajulie70@gmail.com","","Jun 10, 2022 2:20:15 pm"
"","","iki#2011@gmail.com","","Jun 10, 2022 12:53:18 pm"
"","","princessmicheal1@gmail.com","","Jun 10, 2022 12:33:53 pm"
"","","erhunmwunseefosa34@gmail.com","","Jun 10, 2022 12:11:07 pm"
"","","ogievaisaac2015@gmail.com","","Jun 10, 2022 11:41:01 am"
"","","osa3212ogieva21@gmail.com","","Jun 10, 2022 11:32:51 am"
"","","pius4k@icloud.com","","Jun 10, 2022 11:32:11 am"
"","","esthermomodu259@gmail.com","","Jun 10, 2022 10:58:42 am"
"","","oluomaoko3212te6@gmail.com","","Jun 10, 2022 10:57:58 am"
"","","graceikechukwu635@gmail.com","","Jun 10, 2022 10:50:26 am"
"","","rayovienz@gmail.com","","Jun 10, 2022 10:45:48 am"
"","","etamiracle1000@gmail.com","","Jun 10, 2022 10:23:41 am"
"","","dudleyoghene3212@gmail.com","","Jun 10, 2022 10:23:25 am"
"","","aleobuafrederick15@gmail.com","","Jun 10, 2022 10:23:16 am"
"","","esievoa#l@yahoo.co.uk","","Jun 10, 2022 10:15:26 am"
"","","kingsley3@gmai.com","","Jun 10, 2022 10:09:07 am"
"","","victoriamelekwe@gmail.com","","Jun 10, 2022 9:46:39 am"
"","","fortuneodey@gmail.com","","Jun 10, 2022 9:19:19 am"
"","","elohormiracle98@gmail.com","","Jun 10, 2022 9:04:53 am"
"","","franciscainoko@gmail.com","","Jun 10, 2022 9:01:21 am"
"","","danielomokhoa7@gmail.com","","Jun 10, 2022 8:52:16 am"
"","","oko3212chaprecious42@gmail.com","","Jun 10, 2022 8:47:27 am"
"","","pebijuwa@gmail.com","","Jun 10, 2022 8:47:00 am"
"","","okuneyemichael39@gmail.com","","Jun 10, 2022 8:43:37 am"
"","","o#rhiri20.tejiri@edouniversity.edu.ng","","Jun 10, 2022 8:22:40 am"
"","","christianagift35@gmail.com","","Jun 10, 2022 8:17:16 am"
"","","favywizz@gmail.com","","Jun 10, 2022 7:31:24 am"
"","","oluchilibz@gmail.com","","Jun 10, 2022 7:14:40 am"
"","","amechilaura@gmail.com","","Jun 10, 2022 6:56:11 am"
"","","usmangreatsuraj@gmail.com","","Jun 10, 2022 6:54:55 am"
"","","toyinjagun2003@yahoo.com","","Jun 10, 2022 6:41:45 am"
"","","isenalumhesauda@gmail.com","","Jun 10, 2022 5:54:06 am"
"","","ebonyanne1222@gmail.com","","Jun 10, 2022 5:35:22 am"
"","","okenyiconstance67@gmail.com","","Jun 10, 2022 5:12:17 am"
"","","engnicholasoshionebo@gmail.com","","Jun 10, 2022 4:54:21 am"
"","","pauluyipalmer22@gmail.com","","Jun 10, 2022 3:30:11 am"
"","","susystelly194@gmail.com","","Jun 10, 2022 2:31:09 am"
"","","eta-davids19.hinsley@edouniversity.edu.ng","","Jun 10, 2022 1:21:02 am"
"","","omokendon@gmail.com","","Jun 9, 2022 11:21:44 pm"
"","","justicefredericks78@gmail.com","","Jun 9, 2022 11:16:19 pm"
"","","ofeji3212tuedor@gmail.com","","Jun 9, 2022 10:59:22 pm"
"","","zhangsean65@gmail.com","","Jun 9, 2022 10:44:25 pm"
"","","supremekimzy@icloud.com","","Jun 9, 2022 10:43:23 pm"
"","","dekinsphoeb@gmail.com","","Jun 9, 2022 10:37:13 pm"
"","","dekinsphoe#@gmail.com","","Jun 9, 2022 10:32:31 pm"
"","","onoruvwesamuel2002@gmail.com","","Jun 9, 2022 10:22:11 pm"
"","","ellhyhoney@gmail.com","","Jun 9, 2022 10:19:45 pm"
"","","gory42793@gmail.com","","Jun 9, 2022 10:11:31 pm"
"","","reynoldfriday62@gmail.com","","Jun 9, 2022 9:55:41 pm"
"","","helenrirekpita@yahoo.com","","Jun 9, 2022 9:49:39 pm"
"","","rukkyajuwa@gmail.com","","Jun 9, 2022 9:40:31 pm"
"","","fweshoutt@gmail.com","","Jun 9, 2022 9:22:59 pm"
"","","irumahtaofiq@gmail.com","","Jun 9, 2022 9:21:44 pm"
"","","oruetenancy1@gmail.com","","Jun 9, 2022 8:52:17 pm"
"","","ameduemmanuel02@gmail.com","","Jun 9, 2022 8:41:02 pm"
"","","favou3212gwaonome@gmail.com","","Jun 9, 2022 8:40:19 pm"
"","","abdulrahhmandagana@gmail.com","","Jun 9, 2022 8:28:33 pm"
"","","ka3212amuakpoyeri@gmail.com","","Jun 9, 2022 8:18:04 pm"
"","","#nika32122@gmail.com","","Jun 9, 2022 8:14:49 pm"
"","","igho3212djeerhimeyoma@gmail.com","","Jun 9, 2022 7:57:52 pm"
"","","teeyoyo23@gmail.com","","Jun 9, 2022 7:55:42 pm"
"","","marykijie9@gmail.com","","Jun 9, 2022 7:55:27 pm"
"","","idemudiamcdave26@gmail.com","","Jun 9, 2022 7:51:50 pm"
"","","ayiriarenyeka@gmail.com","","Jun 9, 2022 7:43:31 pm"
"","","osunlanahazanat2001@gmail.com","","Jun 9, 2022 7:33:27 pm"
"","","nle#mchukwu20.goodness@edouniversity.edu.ng","","Jun 9, 2022 7:26:14 pm"
"","","gregjeffrey18@gmail.com","","Jun 9, 2022 7:18:27 pm"
"","","sleekma321214@gmail.com","","Jun 9, 2022 7:12:19 pm"
"","","unokajessica18@gmail.com","","Jun 9, 2022 7:10:12 pm"
"","","tadafedaniel806@gmail.com","","Jun 9, 2022 7:06:36 pm"
"","","efeturikori2001@gmail.com","","Jun 9, 2022 7:03:28 pm"
"","","jemimaadeoba@gmail.com","","Jun 9, 2022 7:03:17 pm"
"","","tivereukpe@gmail.com","","Jun 9, 2022 6:35:50 pm"
"","","tegaophori@gmail.com","","Jun 9, 2022 6:29:31 pm"
"","","ehispeaceo#hi@gmail.com","","Jun 9, 2022 6:26:07 pm"
"","","dedejunior6910@gmail.com","","Jun 9, 2022 6:20:44 pm"
"","","cookies69r@gmail.com","","Jun 9, 2022 6:07:31 pm"
"","","micsuarez1@gmai.com","","Jun 9, 2022 6:03:08 pm"
"","","caleboshiomoba64@gmail.com","","Jun 9, 2022 5:46:44 pm"
"","","efe292000@yahoo.com","","Jun 9, 2022 5:36:01 pm"
"","","ovincent471@gmail.com","","Jun 9, 2022 5:28:10 pm"
"","","htt008@gmail.com","","Jun 9, 2022 5:12:05 pm"
"","","alliuoscardestiny@gmail.com","","Jun 9, 2022 5:08:30 pm"
"","","tritoncrino@gmail.com","","Jun 9, 2022 5:07:31 pm"
"","","ajayijoy559@gmail.com","","Jun 9, 2022 5:07:31 pm"
"","","kennedybimaks@gmail.com","","Jun 9, 2022 4:50:52 pm"
"","","favou3212kojie18@gmail.com","","Jun 9, 2022 4:43:11 pm"
"","","gloryemakpor09@gmail.com","","Jun 9, 2022 4:21:03 pm"
"","","ochelijude@gmail.com","","Jun 9, 2022 4:13:53 pm"
"","","christopherbraimah02@gmail.com","","Jun 9, 2022 4:13:05 pm"
"","","titoparliament375@gmail.com","","Jun 9, 2022 4:11:59 pm"
"","","agadahtari@gmail.com","","Jun 9, 2022 3:54:21 pm"
"","","unuefephaedith@gmail.com","","Jun 9, 2022 3:44:45 pm"
"","","angelaoshionebo@gmail.com","","Jun 9, 2022 3:41:52 pm"
"","","abrahamicsclassic1@gmail.com","","Jun 9, 2022 3:28:05 pm"
"","","omolayesamson@gmail.com","","Jun 9, 2022 3:13:55 pm"
"","","yoyofovie@yahoo.com","","Jun 9, 2022 3:08:10 pm"
"","","omolayesamson1@gmail.com","","Jun 9, 2022 2:55:29 pm"
"","","fuvweogbakpah@gmail.com","","Jun 9, 2022 2:48:43 pm"
"","","kimsturner2@gmail.com","","Jun 9, 2022 2:48:17 pm"
"","","hotmaywaters@gmail.com","","Jun 9, 2022 2:45:25 pm"
"","","kpeofe@gmail.com","","Jun 9, 2022 2:40:54 pm"
"","","favourteejay03@gmail.com","","Jun 9, 2022 2:38:28 pm"
"","","livinuscharles2000@gmail.com","","Jun 9, 2022 2:38:12 pm"
"","","questugo@gmail.com","","Jun 9, 2022 2:03:01 pm"
"","","faterybimo@gmail.com","","Jun 9, 2022 1:59:55 pm"
"","","ceoskyempire@gmail.com","","Jun 9, 2022 1:55:48 pm"
"","","onoswilliams1@gmail.com","","Jun 9, 2022 1:45:29 pm"
"","","uchegbuemercy@gmail.com","","Jun 9, 2022 1:34:05 pm"
"","","ka3212dedicated@gmail.com","","Jun 9, 2022 1:30:07 pm"
"","","cordney2020@gmail.com","","Jun 9, 2022 1:22:48 pm"
"","","ofeji3212yusuff@yahoo.com","","Jun 9, 2022 1:18:18 pm"
"","","momohshira@gmail.com","","Jun 9, 2022 1:17:07 pm"
"","","georgeidjedje2015@gmail.com","","Jun 9, 2022 1:12:40 pm"
"","","verasogolo@gmail.com","","Jun 9, 2022 1:12:30 pm"
"","","idehenpureheart@gmail.com","","Jun 9, 2022 1:12:02 pm"
"","","odiokodesmond@gmail.com","","Jun 9, 2022 12:56:15 pm"
"","","charimere@gmail.com","","Jun 9, 2022 12:37:05 pm"
"","","tojuglad@gmail.com","","Jun 9, 2022 12:36:47 pm"
"","","amenomosumwen@gmail.com","","Jun 9, 2022 12:33:34 pm"
"","","abiakweesther26@gmail.com","","Jun 9, 2022 12:30:02 pm"
"","","harrisonfo984@gmail.com","","Jun 9, 2022 12:22:08 pm"
"","","omesioputteh@gmail.com","","Jun 9, 2022 12:18:52 pm"
"","","whitemanbnz@gmail.com","","Jun 9, 2022 12:15:32 pm"
"","","bosschris073@gmail.com","","Jun 9, 2022 12:01:44 pm"
"","","tessybless177@gmail.com","","Jun 9, 2022 12:01:29 pm"
"","","oshoeshi@yahoo.com","","Jun 9, 2022 11:49:14 am"
"","","isoae@yahoo.com","","Jun 9, 2022 11:48:37 am"
"","","yunusaahmad598@gmail.com","","Jun 9, 2022 11:46:53 am"
"","","folammy99@gmail.com","","Jun 9, 2022 11:38:05 am"
"","","dalo72000@yahoo.com","","Jun 9, 2022 11:32:55 am"
"","","jamesgates212@gmail.com","","Jun 9, 2022 11:27:01 am"
"","","osborne.agege@gmail.com","","Jun 9, 2022 11:14:03 am"
"","","christianaeseoghene3@gmail.com","","Jun 9, 2022 11:04:43 am"
"","","stefanefosa@gmail.com","","Jun 9, 2022 10:54:02 am"
"","","jitegriks@yahoo.com","","Jun 9, 2022 10:53:38 am"
"","","ukamakaoko3212te@gmail.com","","Jun 9, 2022 10:50:45 am"
"","","ayo7549@gmail.com","","Jun 9, 2022 10:50:14 am"
"","","jacintaayon@gmail.com","","Jun 9, 2022 10:48:40 am"
"","","onasdivine123@gmail.com","","Jun 9, 2022 10:44:19 am"
"","","lillydig#ns@gmail.com","","Jun 9, 2022 10:38:50 am"
"","","christyotovbo@gmail.com","","Jun 9, 2022 10:38:29 am"
"","","teejaybankz7@gmail.com","","Jun 9, 2022 10:35:57 am"
"","","ericoyubu@gmail.com","","Jun 9, 2022 10:32:47 am"
"","","lee2homy@gmail.com","","Jun 9, 2022 10:29:05 am"
"","","priscillia3212#son1@gmail.com","","Jun 9, 2022 10:25:08 am"
"","","oghenejoborallethea96@gmail.com","","Jun 9, 2022 10:23:30 am"
"","","#noshianor@gmail.com","","Jun 9, 2022 10:21:38 am"
"","","obawolegloria79000@gmail.com","","Jun 9, 2022 10:21:06 am"
"","","henrietta1465@gmail.com","","Jun 9, 2022 10:18:25 am"
"","","muko3212emily84@gmail.com","","Jun 9, 2022 10:09:33 am"
"","","modeme97@yahoo.com","","Jun 9, 2022 10:08:12 am"
"","","ufuoma16online@gmail.com","","Jun 9, 2022 10:03:19 am"
"","","you@gmail.com","","Jun 9, 2022 10:02:58 am"
"","","prechonos2@gmail.com","","Jun 9, 2022 10:02:20 am"
"","","lilianasije@gmail.com","","Jun 9, 2022 10:00:08 am"
"","","omoruwou.felix@fupre.edu.ng","","Jun 9, 2022 9:59:19 am"
"","","ahmadgidado209@gmail.com","","Jun 9, 2022 9:58:07 am"
"","","yotgwendolyn@gmail.com","","Jun 9, 2022 9:53:44 am"
"","","umeadi.agnes@edouniversity.edu.ng","","Jun 9, 2022 9:50:29 am"
"","","abaskaula@gmail.com","","Jun 9, 2022 9:47:58 am"
"","","uloho81@gmail.com","","Jun 9, 2022 9:45:45 am"
"","","maureen4gold@gmail.com","","Jun 9, 2022 9:43:05 am"
"","","abdulrahmanusman568@gmail.com","","Jun 9, 2022 9:42:46 am"
"","","ohwone3212@gmail.com","","Jun 9, 2022 9:38:34 am"
"","","o#ndemiracle8@gmail.com","","Jun 9, 2022 9:36:36 am"
"","","eghieye1981@gmail.com","","Jun 9, 2022 9:34:29 am"
"","","3212semaryakposho3212@gmail.com","","Jun 9, 2022 9:32:49 am"
"","","onos2million@gmail.com","","Jun 9, 2022 9:30:54 am"
"","","megalect@gmail.com","","Jun 9, 2022 9:29:22 am"
"","","maureensiakpere@yahoo.co.uk","","Jun 9, 2022 9:27:16 am"
"","","blessingezeh19@g.mail.com","","Jun 9, 2022 9:26:25 am"
"","","tegalaursen44@yahoo.com","","Jun 9, 2022 9:24:58 am"
"","","elohoemas@gmail.com","","Jun 9, 2022 9:23:09 am"
"","","wilsonal#rtttt@gmail.com","","Jun 9, 2022 9:22:38 am"
"","","wendyprincess60@gmail.com","","Jun 9, 2022 9:20:12 am"
"","","kwareagas@yahoo.com","","Jun 9, 2022 9:18:48 am"
"","","siakpedi@gmail.com","","Jun 9, 2022 9:17:23 am"
"","","jedyblue@gmail.com","","Jun 9, 2022 9:16:47 am"
"","","alexo#4real@yahoo.com","","Jun 9, 2022 9:16:27 am"
"","","kelvinomo3212wa11@gmail.com","","Jun 9, 2022 9:02:54 am"
"","","pobachoba@gmail.com","","Jun 9, 2022 8:53:32 am"
"","","yamahlukmanyusuf@gmail.com","","Jun 9, 2022 8:40:29 am"
"","","emmyblaq270@gmail.com","","Jun 9, 2022 8:27:57 am"
"","","stepahanie.#hi65@gmail.com","","Jun 9, 2022 8:17:12 am"
"","","ochuwamemunat3@gmail.com","","Jun 9, 2022 8:06:11 am"
"","","ade3212rhoodion@gmail.com","","Jun 9, 2022 7:56:47 am"
"","","kadirihakeem070@gmail.com","","Jun 9, 2022 7:56:36 am"
"","","wkeyest@gmail.com","","Jun 9, 2022 7:45:57 am"
"","","debbie.irebia@gmail.com","","Jun 9, 2022 7:44:04 am"
"","","okwuisemercy@gmail.com","","Jun 9, 2022 7:30:14 am"
"","","tadewale6320@yahoo.com","","Jun 9, 2022 7:26:30 am"
"","","eguasa63@gmail.com","","Jun 9, 2022 7:14:55 am"
"","","abustephanus2003@gmail.com","","Jun 9, 2022 7:07:35 am"
"","","ulohoeji3212@gmail.com","","Jun 9, 2022 7:07:22 am"
"","","anifowose19.taiwo@edouniversity.edu.ng","","Jun 9, 2022 7:03:04 am"
"","","ogahb489@gmail.com","","Jun 9, 2022 7:02:24 am"
"","","joyceikenyei@gmail.com","","Jun 9, 2022 6:32:32 am"
"","","og#wi18.ebuwa@edouniversity.edu.ng","","Jun 9, 2022 6:14:48 am"
"","","utijoan906@gmail.com","","Jun 9, 2022 5:41:34 am"
"","","hhhb@gmail.com","","Jun 9, 2022 5:24:22 am"
"","","okochachinonso23@gmail.com","","Jun 9, 2022 5:02:39 am"
"","","preciousmarthins50@gmail.com","","Jun 9, 2022 4:30:59 am"
"","","paulwhytesamuel22@gmail.com","","Jun 9, 2022 4:01:25 am"
"","","ebimaime@gmail.com","","Jun 9, 2022 3:43:29 am"
"","","princesseloho86@gamil.com","","Jun 9, 2022 3:34:02 am"
"","","osemwenkhaeblessing1@gmail.com","","Jun 9, 2022 3:21:17 am"
"","","odegbuneoghene01@gmail.com","","Jun 9, 2022 3:20:49 am"
"","","princewillllapeh@gmail.com","","Jun 9, 2022 1:49:25 am"
"","","praiselleenemigin@gmail.com","","Jun 9, 2022 1:07:37 am"
"","","seunamoda44@gmail.com","","Jun 9, 2022 12:52:07 am"
"","","bountyhenry20@gmail.com","","Jun 9, 2022 12:51:35 am"
"","","agahdaniel04@gmail.com","","Jun 9, 2022 12:00:08 am"
"","","preshrukkie@gmail.com","","Jun 8, 2022 11:55:30 pm"
"","","nwannaisioma2005@gmail.com","","Jun 8, 2022 11:39:44 pm"
"","","olatundep3212mise2022@gmail.com","","Jun 8, 2022 10:56:52 pm"
"","","godspowerajayi71@gmail.com","","Jun 8, 2022 10:56:50 pm"
"","","keithsweat.ke@gmail.com","","Jun 8, 2022 10:52:47 pm"
"","","gregoryogabu565@gmail.com","","Jun 8, 2022 10:48:39 pm"
"","","gregoryoseji.go@gmail.com","","Jun 8, 2022 10:40:29 pm"